col1,col2
"Stock market bears are in for a rude awakening... $AAPL acting strong here, continuation across the board, many nam‚Ä¶ https://t.co/t9jmssOWwb",2021-11-17 16:17:01+00:00
"@TheMoonCarl We don't  buy bitcoin
We earn bitcoin From Mining 
I'm ready to show you how to earn 0.1BTC ($5,900) a‚Ä¶ https://t.co/rn8WJYmy0W",2021-11-17 16:17:01+00:00
"@AhmedEG8t @RTRcrypto @FEGtoken @FEGtoken @lifeisdefi @fegbrptOficial

#FEG $FEG $ROX #fegtoken #FEGex #FEGarmy‚Ä¶ https://t.co/g1VkAszYOo",2021-11-17 16:17:01+00:00
"kind of late, but i‚Äôve officially started my bitcoin journey sksksksk",2021-11-17 16:17:01+00:00
@akeefman @0xCryptopunk #Binance #Bitcoin #AVAX #Solana,2021-11-17 16:17:00+00:00
#BITCOIN sigue avanzando https://t.co/X7AOfvSJKc,2021-11-17 16:17:00+00:00
"@Variety We are at the bottom, we are at the end depressed...Where are you @elonmusk ? Is the $Doge dead? Are the d‚Ä¶ https://t.co/L0wzbNR7pl",2021-11-17 16:16:58+00:00
Will Bitcoin smash out today or not? . #Bitcoin,2021-11-17 16:16:57+00:00
"Bitcoin price update coinbase 

Actual Price: 53 143,09 ‚Ç¨
Percentage variation: -0,83%",2021-11-17 16:16:57+00:00
"@360_trader #Bitcoin¬† currently retesting,If we can continue to hold above this level (~$59.8k ) then we're still l‚Ä¶ https://t.co/9fZVJTvKUs",2021-11-17 16:16:55+00:00
"Cada vez que #BTC o las criptos en general caen me empiezan a escribir que que paso ahora?
Yo les respondo que no e‚Ä¶ https://t.co/df02YY2iF4",2021-11-17 16:16:55+00:00
"@TheMoonCarl We don't  buy bitcoin
We earn bitcoin From Mining 
I'm ready to show you how to earn 0.1BTC ($5,900) a‚Ä¶ https://t.co/ryiPxNfNxf",2021-11-17 16:16:54+00:00
"SEC, BlockFi'nin y√ºksek getirili kripto √ºr√ºnleri i√ßin inceleme ba≈ülattƒ±.
#coin#bitcoinnews #bitcoinnews  #BTCUSDT‚Ä¶ https://t.co/wUiy8ZnRTK",2021-11-17 16:16:53+00:00
"@AirdropStario Thank you for the airdrop opportunity, I will suspport this crypto projectü§óü§ó

@amirsr18‚Ä¶ https://t.co/v9MosK5Z8r",2021-11-17 16:16:53+00:00
"üö®BUY ROTHARIUM ON BITCOIN ATMs!üö® 

#rotharium #crypto #cyptoworld #bitcoin https://t.co/hQMkTs7kpi",2021-11-17 16:16:52+00:00
"So few people understand this statement, the profit is made when you buy quality crypto projects not sell. Wealth i‚Ä¶ https://t.co/lDrZTrBVSI",2021-11-17 16:16:50+00:00
https://t.co/Yf6g2kE0Sn #BTC #Crypto #Binance #Altcoins #ADA #TRON #Doge #Luna #Bitcoinpump #dogecoin #Tether‚Ä¶ https://t.co/pGogsEXSV5,2021-11-17 16:16:50+00:00
"@FantasyArenaNFT @FantasyArenaNFT AMAZING NFT GAME!

 #Metaverse #fantasyarena #Bitcoin #NFTs #GameNFT #PlayToEarn  #BSC #GameFi",2021-11-17 16:16:50+00:00
"@garciabanchs No pierdan su tiempo con ese loco , el est√° forrado con bitcoin. Acaso Wall Street no especula con la‚Ä¶ https://t.co/L9wVqUmZ1g",2021-11-17 16:16:49+00:00
"@Jayecane @DelavilleTommy Clime
Bitcoin
bc1ql45qjd8jlczja6n506n9qyqfnq25yfm8m0m5e4",2021-11-17 16:16:49+00:00
"Market Cap:

Bitcoin: $1.1243 Tn
Ethereum: $494.48 Bn
Binance Coin: $94.769 Bn
Tether: $73.751 Bn
Solana: $64.232 B‚Ä¶ https://t.co/jh8CEDHWE0",2021-11-17 16:16:48+00:00
"@GokuSenpaii i dont think most huge bitcoin farms use that, the main problem people have is that they consume a fuc‚Ä¶ https://t.co/hg5gqpBzj4",2021-11-17 16:16:48+00:00
"Ik want them to mandate the vaccines for the whole population.

It will be like China banning Bitcoin.

Good luck suckers.",2021-11-17 16:16:48+00:00
"The #crypto giants to CONQUER the world !

This is just the beginning.
What the tech companies have done in the pas‚Ä¶ https://t.co/dCj0aVLo6Z",2021-11-17 16:16:47+00:00
Current #Bitcoin Price is $59938 #BTC #Crypto,2021-11-17 16:16:47+00:00
@AreMorch #Bitcoin is dipping deeper into the old resistance area in an effort to flip it into a new support area w‚Ä¶ https://t.co/kSABVrcHIM,2021-11-17 16:16:46+00:00
"BTC ha ca√≠do cerca de un 10% en las √∫ltimas 24 horas, cayendo por debajo de $ 60k por primera vez en tres semanas.‚Ä¶ https://t.co/6VkcxTbXo2",2021-11-17 16:16:46+00:00
@bismuthcity Not losing out on employer matching and tax deferred. You can even push to have 401ks to add different‚Ä¶ https://t.co/QvLcmBMvmU,2021-11-17 16:16:46+00:00
@jxp220 And bitcoin was brought in for the central bank digital currency. The block chains in the bitcoins will be tied to your biometrics.,2021-11-17 16:16:45+00:00
@BenjaminMilo4 - - &gt; this  private  chat before  everyone start using it ! They give  quality crypto analytics  eve‚Ä¶ https://t.co/Ar1rlSDEfl,2021-11-17 16:16:45+00:00
"Charttechnik: 17. November 2021: Party an den M√§rkten, nur Bitcoin strauchelt

https://t.co/cFDl0lQ8Uc",2021-11-17 16:16:43+00:00
"@nftmazeio This is project is wonderful, don't miss it.üî•üî•üî•üî•

 @ONABCONCEPTS
@omotoso_uthman
@Ajibademonsuru2‚Ä¶ https://t.co/a4Yurx16SF",2021-11-17 16:16:42+00:00
Regular Bitcoin jajajajajajaja estos pedazo de in√∫tiles ya no saben que hacer,2021-11-17 16:16:42+00:00
Bitcoin Tax se viene a la Argentina,2021-11-17 16:16:42+00:00
"One of the best cryptocurrencies of the future
#BabyDogeCoin #BabyDoge #Ethereum #bitcoin #crypto #buythedip‚Ä¶ https://t.co/issnVsKYIe",2021-11-17 16:16:42+00:00
"https://t.co/9cK4DQk4y2
https://t.co/rD4kXjmPLx
#btc #bitcoin #eth #ethereum #blog #web #website #elonmusk #coins #coin b",2021-11-17 16:16:42+00:00
"@Ef1Wilson @chronobaseeu Hi guys ! Wanna have  30% profit every week on  #Bittrex ? 

Take  best signals here 

ü§ëüëë‚Ä¶ https://t.co/2sBYtPG7Ym",2021-11-17 16:16:42+00:00
@CryptoTweetie Obv this is a total BS argument... Bitcoin energy consumption is peanuts compared to how much energy‚Ä¶ https://t.co/a5JhTcusff,2021-11-17 16:16:41+00:00
I expect #Bitcoin to continue to defy the prognosticators and technical analysts.  That could mean its priced in th‚Ä¶ https://t.co/6QECknmOeT,2021-11-17 16:16:41+00:00
"@Antnest_Network A good project and strong team in a predictable and transparent road map, planned and projected, t‚Ä¶ https://t.co/5u2eSy0Nsp",2021-11-17 16:16:40+00:00
"@RichardMoglen üö® #oresystem has a beautiful graphic, strong owners, an experienced team and strong partners.

üöÄ no‚Ä¶ https://t.co/igOiysUygV",2021-11-17 16:16:39+00:00
"Adƒ±nƒ± kalbime, seni √∂mr√ºme yazdƒ±m.Bilemezsin, ben sana tutsaƒüƒ±m.G√∂zlerimi ne kadar uzaklara diksem de, baktƒ±ƒüƒ±m her‚Ä¶ https://t.co/uBru3QyGy9",2021-11-17 16:16:39+00:00
"@glennhodl @Bitcoin_phan @ScottMSibley @Pran10000 @JasonPLowery @w_s_bitcoin @PlaySHAmory Ooooh, that‚Äôs a winner",2021-11-17 16:16:38+00:00
"#hubvc
tosuncuk bile bunlarda hem insaflƒ± hemde vizyonluydu
√ßocuk bitcoin fabrikasƒ± kurmu≈ütu aq
bunlarda nerde o vizyon",2021-11-17 16:16:38+00:00
"@BitcoinBekka_ @WClementeIII BitcoinSV is the only real Bitcoin, and Satoshi (in his earthy avatar of Craig Wright,‚Ä¶ https://t.co/PCj2sEhsu3",2021-11-17 16:16:38+00:00
Al suave mu√±eco no te vayas a gastar todos tus bitcoin xd https://t.co/jT1GEHvi7C,2021-11-17 16:16:37+00:00
"@jp_koning @WilliamJLuther What small corner is that where Bitcoin is used primarily for merchant transactions? 

B‚Ä¶ https://t.co/WHxvWvlnLs",2021-11-17 16:16:37+00:00
#Bitcoin https://t.co/5xIMFRn9vf,2021-11-17 16:16:35+00:00
"Hurry up there is little left! It is crazy ! Thanks Elon ! #btc #bitcoin #dogecoin $doge #shiba #shibainu 

https://t.co/G34aXszrEy",2021-11-17 16:16:35+00:00
https://t.co/KCHbq5zeeH #dragonball #dragonballz #dragonballsuper #vegeta #goku #supersaiyan #manga #anime‚Ä¶ https://t.co/lXniRqMuv3,2021-11-17 16:16:34+00:00
"Nice forecasting model using #matlab for #Bitcoin
Good work David @all_things_btc https://t.co/gs8bZNWTtH",2021-11-17 16:16:32+00:00
@glassnodealerts #Bitcoin is dipping deeper into the old resistance area in an effort to flip it into a new support‚Ä¶ https://t.co/RxPl7hiZXo,2021-11-17 16:16:32+00:00
Tore hadde elsket dette #bitcoin https://t.co/98pV3aGwha,2021-11-17 16:16:32+00:00
@StealthEX_io @cryptocom All from #Bitcoin profit lol,2021-11-17 16:16:30+00:00
"@NvncMusic @AniceLajnef @BrunoLeMaire Les gens d√©couvrent le QE, c'est magnifique. Prochaine √©tape #bitcoin",2021-11-17 16:16:30+00:00
@natbrunell #Bitcoin i√ßin 60k'nƒ±n altƒ± bile ucuz bu d√º≈ü√º≈üleri fƒ±rsat bilip ekleme yapacaƒüƒ±m. ƒ∞lk hedef 80k Sonra uf‚Ä¶ https://t.co/ulQ6bCLvTO,2021-11-17 16:16:29+00:00
"A 240% annual yield on farming is also available on @exchangeelitex. Users need to own $EX tokens to do this. üíéüíé

H‚Ä¶ https://t.co/bttGSPPuzD",2021-11-17 16:16:28+00:00
"@CoinDeskMarkets @CoinDesk @LedesmaLyllah We don‚Äôt buy bitcoin
We earn bitcoin From Mining 
I'm ready to show 5 luc‚Ä¶ https://t.co/rUT32fVsRg",2021-11-17 16:16:28+00:00
"$BTC #Bitcoin 

Bitcoin Dominance Bullish Divergence 

Dominance increasing as price decreases 

I think you all kn‚Ä¶ https://t.co/9eYKwX1qfN",2021-11-17 16:16:27+00:00
Bitcoin : l'Inde pourrait interdire toutes les transactions en cryptomonnaies https://t.co/ndYbp0z5Vw,2021-11-17 16:16:27+00:00
"@CryptoNCoffeee @davidgokhshtein üö® #oresystem has a beautiful graphic, strong owners, an experienced team and stron‚Ä¶ https://t.co/he17Jobayh",2021-11-17 16:16:26+00:00
Invest in @SnowbankDAO  I've already made what i make in a day... by noon. and well... SB a good project #DeFi‚Ä¶ https://t.co/9FqLwT9l5j,2021-11-17 16:16:26+00:00
"üáπüá≠ Bitcoin(BTC) ‡∏≠‡∏≤‡∏£‡πå‡∏ö‡∏¥‡∏ó‡∏£‡∏≤‡∏à ‡πÄ‡∏´‡∏ï‡∏∏‡∏Å‡∏≤‡∏£‡∏ì‡πå‚Äº
  ‚úÖBestAsk ‡∏ï‡∏•‡∏≤‡∏î‡∏ã‡∏∑‡πâ‡∏≠‡∏Ç‡∏≤‡∏¢:SatangPro
  ‡∏£‡∏≤‡∏Ñ‡∏≤(‡∏ã‡∏∑‡πâ‡∏≠):1,994,584‡∏ö‡∏≤‡∏ó ‚¨á 
  ‚úÖBestBid ‡∏ï‡∏•‡∏≤‡∏î‚Ä¶ https://t.co/jaPxCr0uq3",2021-11-17 16:16:26+00:00
@LawrenceLepard @burkart_joey @saylor @FossGregfoss @BitcoinTina @MDisruptors @1MarkMoss I'd say also not quite und‚Ä¶ https://t.co/DqsLBHMS6w,2021-11-17 16:16:26+00:00
.1 seconds buzzer beater lmao #pzgd #PMQs #Covid #Lebron #Dazed #dazedgaming #2kcrewfinder #2kfreeagent #2ktvwow‚Ä¶ https://t.co/Mvv01Ccyi0,2021-11-17 16:16:24+00:00
https://t.co/oka4kvLbWG #BTC #Crypto #Binance #Altcoins #ADA #TRON #Doge #Luna #Bitcoinpump #dogecoin #Tether‚Ä¶ https://t.co/kh4aBnp18Z,2021-11-17 16:16:22+00:00
"@Irisbloesems Gewoon #Bitcoin toch? Kunnen ze niet bij, je transacties zijn niet te stoppen en ondermeind ook nog d‚Ä¶ https://t.co/DGzaDxVt6E",2021-11-17 16:16:21+00:00
Le Bitcoin joues avec mes couilles,2021-11-17 16:16:21+00:00
"Portal partners with Polygon to advance DeFi on Bitcoin  

#btc #bitcoin #cryptocurrency #ethereum #‰ªÆÊÉ≥ÈÄöË≤® #„Éì„ÉÉ„Éà„Ç≥„Ç§„É≥‚Ä¶ https://t.co/CGcGjWay8s",2021-11-17 16:16:21+00:00
"@a_bitcoin_pleb @MartinCJanssen H√§tte der Schweizer Bundesrat 1939 alles Berlin gleich getan, die Geschichte w√§re v‚Ä¶ https://t.co/SWlqUli1st",2021-11-17 16:16:20+00:00
"@markets We don‚Äôt buy bitcoin
We earn bitcoin From Mining 
I'm ready to show 5 lucky people on how to earn 0.1 ($6.‚Ä¶ https://t.co/0VhvIoFhW3",2021-11-17 16:16:19+00:00
@orangedmike Ist glaube ich nichts mehr drauf. Habs aber auch nicht nachgepr√ºft. Hoffe der Finder handelt verantwor‚Ä¶ https://t.co/4RcWcLKOYt,2021-11-17 16:16:19+00:00
@liz_franczak is Bitcoin Roko‚Äôs basilisk?,2021-11-17 16:16:19+00:00
Bitcoin hit the .236 already so if it's strong enough that could be it. Just showing the golden zone in case it goe‚Ä¶ https://t.co/N3JDSxy864,2021-11-17 16:16:18+00:00
@BinancePk Bitcoin is also gold no doubt üôÇ,2021-11-17 16:16:18+00:00
"$BTC dominance 42% and dropping
You what what's about to pop right? 
Altcoin season babyyyyy
#altcoin #BTC‚Ä¶ https://t.co/TZLKQyCqFv",2021-11-17 16:16:17+00:00
"@minewithmine üö® #oresystem has a beautiful graphic, strong owners, an experienced team and strong partners.

üöÄ no o‚Ä¶ https://t.co/e75tZqWjzU",2021-11-17 16:16:16+00:00
"Last night‚Äôs show w/ @chrisbleck on @ESPN1000 ‚¨áÔ∏è

- Bulls are hot!
- #CFBPlayoff Rankings
- We try to mine bitcoin‚Ä¶ https://t.co/PLpHExEv9m",2021-11-17 16:16:16+00:00
@tailopez Thank you Tai! The giveaways are getting bigger &amp; bigger ü§©üî•üî• Hoping to win some Bitcoin from you ü§ûü§û,2021-11-17 16:16:16+00:00
"#BTC

#Bitcoin weekly TA looks amazing here Support levels at 59k retested nicely. I don't see anything bearish her‚Ä¶ https://t.co/LmtVirC4RO",2021-11-17 16:16:16+00:00
#nospaceUdego Finance #Udego Finance #UDE #blockchain #cryptocurrency #technology #bitcoin #money #crypto #Binance‚Ä¶ https://t.co/aiWNyxo0KB,2021-11-17 16:16:15+00:00
"Sell bitcoin, buy minigoro! https://t.co/twW4hWi0xB",2021-11-17 16:16:14+00:00
"@Cointelegraph @cryptocom We don‚Äôt buy bitcoin
We earn bitcoin From Mining 
I'm ready to show 5 lucky people on how‚Ä¶ https://t.co/tAzUHgZFp1",2021-11-17 16:16:14+00:00
"Current Price: $0.00000000549871
Market Cap: $549,871

Contract address: 0xDF530d0fE2d840cF6655F0CaA29DB83B173B3EE1‚Ä¶ https://t.co/9MpjHCLJ7s",2021-11-17 16:16:13+00:00
@bitcoin_brown You are the bull we chose,2021-11-17 16:16:13+00:00
"If you are not #Bitcoin #Millionaire it doesn't matter. 
Start now and soon you will be in the list.‚Ä¶ https://t.co/rAL4qG5yDo",2021-11-17 16:16:12+00:00
$29M property offered exclusively in Bitcoin #UX via https://t.co/KEJm0OlWB1 https://t.co/Rk9zs9h5sN,2021-11-17 16:16:11+00:00
"Norway could back European Bitcoin mining ban, as minister calls energy use 'difficult to justify' - Euronews‚Ä¶ https://t.co/Z3CvKkQK6h",2021-11-17 16:16:11+00:00
"@ReutersBiz We don‚Äôt buy bitcoin
We earn bitcoin From Mining 
I'm ready to show 5 lucky people on how to earn 0.1 (‚Ä¶ https://t.co/bw7eTe2ITR",2021-11-17 16:16:10+00:00
"üìàPump Alert! - MXT/USDT on Okex! Price increase: 17.23% | Volume: +17.78%
$MXT $USDT #okex #crypto #bitcoin‚Ä¶ https://t.co/guG93XA1BG",2021-11-17 16:16:10+00:00
"üî• Sinyal Binary Option Gratis

ASET: $BTCUSD / $BTCJPY #bitcoin
ARAH: LOW üìâ @ 60032.43
JANGKA WAKTU: 5 MENIT
PLATFO‚Ä¶ https://t.co/4eQYzJXpHR",2021-11-17 16:16:09+00:00
"#rose eski formunu yakaladƒ± ma≈üallah. #bitcoin d√º≈üerken Rose √ßƒ±kardƒ± 2,5x  kar konumuna ula≈ütƒ±.",2021-11-17 16:16:09+00:00
"@bittaxitoken really like this project,like a good project and in the future it will be a big project and fly high‚Ä¶ https://t.co/q060Sqe1UG",2021-11-17 16:16:09+00:00
#WELB #WellBeCoin #Bitcoin #BSC #Crypto https://t.co/4MmHTyKId1,2021-11-17 16:16:09+00:00
"üî• Free Options Trading Signals

SYMBOL: $BTCUSD / $BTCJPY #bitcoin
DIRECTION: LOW üìâ @ 60032.43
TIMEFRAME: 5 MIN
PLA‚Ä¶ https://t.co/JICmzYZYcs",2021-11-17 16:16:09+00:00
"Bitcoin‚Äôs Institutional Activity Is 8x from 2017, Traders Show Interest to Buy the Dips - https://t.co/PwlJm2O1Ja",2021-11-17 16:16:07+00:00
#affiliatelink #tumblr #twitter #facebook #instagram #webtalk #socialmedia #pinterest #reddit #deal #gift #gifts‚Ä¶ https://t.co/ySQhHvGk7C,2021-11-17 16:16:07+00:00
Thoughts on $BTC #Bitcoin! See Himat's idea on TradingView below. https://t.co/xq1ofj5Iha,2021-11-17 16:16:06+00:00
#affiliatelink #bitcoin #tumblr #twitter #facebook #instagram #dogecoin #socialmedia #tiktok #doge #deal #gift‚Ä¶ https://t.co/bqrX6NyXab,2021-11-17 16:16:06+00:00
#affiliatelink #blogger #tumblr #twitter #facebook #instagram #blog #socialmedia #affiliatemarketing #blogging‚Ä¶ https://t.co/uzwK12GyP1,2021-11-17 16:16:06+00:00
"@Jayecane @DelavilleTommy Pick me sir please I haven't had luck from you, I'm from Nigeria üá≥üá¨ my notification is al‚Ä¶ https://t.co/cGt9kkXD6U",2021-11-17 16:16:06+00:00
Crypto market curling up! üìà Go #Bitcoin #dogecoin #ShibaArmy #SHIB,2021-11-17 16:16:06+00:00
Portal partner with Polygon to advance DeFi on¬†Bitcoin https://t.co/tBd7SkJycT,2021-11-17 16:16:06+00:00
"@ThatsSoKB am doctor Benson,am running a house ophange in the United States of America, please we are running out o‚Ä¶ https://t.co/7tajARBaOd",2021-11-17 16:16:05+00:00
@glennhodl @Bitcoin_phan @ScottMSibley @Pran10000 @JasonPLowery @w_s_bitcoin @PlaySHAmory Had the exact same thought. üòÖ,2021-11-17 16:16:05+00:00
"@AirdropStario #Bitcoin¬† currently retesting,If we can continue to hold above this level (~$59.4k ) then we're stil‚Ä¶ https://t.co/J127Kw4mnW",2021-11-17 16:16:04+00:00
Is this the future? https://t.co/1c0JpccpLB #benefits #hr #chro,2021-11-17 16:16:04+00:00
"üîªüîªüîª $EOS Short Position(v1) üîªüîªüîª
Entry Price: 4.343
Target:4.322
Stop:4.387
#Binance #Bitcoin #Signals #Sell #EOSUSDT #EOS",2021-11-17 16:16:03+00:00
"If you own a rental our vacation property, you should accept #Bitcoin as payment.",2021-11-17 16:16:02+00:00
Third Bitcoin futures ETF launches https://t.co/xfgm42HmbH #crypto #bitcoin #fintech #finance #news,2021-11-17 16:16:01+00:00
"@davidgokhshtein üö® #oresystem has a beautiful graphic, strong owners, an experienced team and strong partners.

üöÄ n‚Ä¶ https://t.co/xHulFggfqP",2021-11-17 16:16:01+00:00
Hay que preguntarle a bukeke si su dealer acepta bitcoin,2021-11-17 16:16:01+00:00
"The first conference of the day begins!
""Bitcoin, el dinero soberano y revolucionario""

Speakers üëâ @dieguito‚Ä¶ https://t.co/m6RoXdqlEv",2021-11-17 16:16:01+00:00
"Failed to break out 
#btc $btcusd #Bitcoin https://t.co/LW84dQTtB0 https://t.co/FsSdnY3OuF",2021-11-17 16:16:00+00:00
"SUNSHIELD FINANCE TOKEN

DON'T MISS OUT ON THE NEXT HUGE TOKEN!

THE NEXT EVERGROW IS HERE!

WEBSITE:‚Ä¶ https://t.co/6IRKQoztOS",2021-11-17 16:16:00+00:00
Portal partners with Polygon to advance DeFi on¬†Bitcoin https://t.co/FgongkPnxO,2021-11-17 16:15:59+00:00
@davidgokhshtein #Bitcoin is dipping deeper into the old resistance area in an effort to flip it into a new support‚Ä¶ https://t.co/tKUP0fgmuY,2021-11-17 16:15:59+00:00
"@gator_bitcoin üòÇüî∫Only honestly ‚ùÑÔ∏è,‚ùÑÔ∏èüßë‚Äçüåæ",2021-11-17 16:15:58+00:00
"Wednesday November 17th, 2021. Episode 505 of Bitcoin And . . . SOON‚Ñ¢

#Bitcoin #BitcoinAnd $BTC‚Ä¶ https://t.co/5Won4UeJkU",2021-11-17 16:15:58+00:00
@yazenator @JoelHeyman @britneyspears @Oprah Absolutely not. Fuck Bitcoin. Cryptobros are destroying the environmen‚Ä¶ https://t.co/Xtpm5jZpKg,2021-11-17 16:15:58+00:00
Latest episode of Cryptonized is LIVE! Special guest @natbrunell shares her thoughts on #bitcoin and why she's all‚Ä¶ https://t.co/4CPLGjWfRS,2021-11-17 16:15:57+00:00
@airdropinspect The project will develop successfully. I believe in and support the project. We're going to the moo‚Ä¶ https://t.co/h7ooNTRQ2N,2021-11-17 16:15:57+00:00
"#bitcoin is expected to return to the zone between $62,000 and $65,000.",2021-11-17 16:15:56+00:00
@apenftorg @M_ali_svnc @Bitcoin @BillyM2k,2021-11-17 16:15:55+00:00
#Bitcoin is only up 236% over the last year‚Ä¶. Guess this dip means #btc is failing and everyone should sell‚Ä¶ üôÑ,2021-11-17 16:15:54+00:00
@cryptowolfyy DCA into #Bitcoin first and foremost.,2021-11-17 16:15:53+00:00
@satstackerMY Kalau beli Bitcoin dah selamat dah. #nfa #dyor,2021-11-17 16:15:53+00:00
https://t.co/ENs2wI5eij #BTC #Crypto #Binance #Altcoins #ADA #TRON #Doge #Luna #Bitcoinpump #dogecoin #Tether‚Ä¶ https://t.co/oP7fnMgGtj,2021-11-17 16:15:52+00:00
"@NFTcraft_game I Hope This project Future is Bright More Success &amp; GoToThe Mooon
This seems like a great project to‚Ä¶ https://t.co/h5GgFOvTn4",2021-11-17 16:15:52+00:00
@BitcoinBF @APompliano I look at it as an opportunity to buy discounted bitcoin. How many places can you do that?,2021-11-17 16:15:48+00:00
"@Cointelegraph @cryptocom #Bitcoin¬† currently retesting,If we can continue to hold above this level (~$59.4k ) then‚Ä¶ https://t.co/kIkWfKLH7V",2021-11-17 16:15:48+00:00
@CryptoWorldJosh Tbh can you even compare bitcoin to the internet üòÇüòÇüòÇ,2021-11-17 16:15:48+00:00
"@Bedii43206414 Bitcoin gibi , 0.000001 diye ba≈ülƒ±caz üòäüòäüòä",2021-11-17 16:15:47+00:00
Is Amazon setting the stage to accept #crypto like #Litecoin #Bitcoin or #algorand maybe? Perhaps start their own c‚Ä¶ https://t.co/UuJHvMocR2,2021-11-17 16:15:46+00:00
"@hellacoolcait @kurakart Destroy bitcoin and sell it off for profit. Once more, does the term ""Crony Capitalism"" no‚Ä¶ https://t.co/jyFTuNIfv9",2021-11-17 16:15:46+00:00
"$NRDS GOING TO BREAKOUT ABOVE $26 SOONüöÄüöÄüöÄ

VOLUME INCOMING üö®

$QS $RIOT $AAPL $SQ $MARA $SNDL $BTC $DRACE $MATIC‚Ä¶ https://t.co/CvDlrIqCXb",2021-11-17 16:15:45+00:00
@reason @WhiteHouse @RepMaxineWaters @robportman @SpeakerPelosi @SenSchumer @RepAdamSchiff : Don't underestimate ho‚Ä¶ https://t.co/rNeKLRbMPB,2021-11-17 16:15:44+00:00
"Strong support.

I think we bounce.

#Bitcoin https://t.co/ZD1lb1wieu",2021-11-17 16:15:42+00:00
Bitcoin gone have me richer than i thought faster than I thought üò≠,2021-11-17 16:15:41+00:00
El valor del bitc√≥in se desploma hasta situarse por debajo de los 59.000 d√≥lares https://t.co/wVpzcOV0Py,2021-11-17 16:15:39+00:00
"21 Aralƒ±k gecesi √ßok uzun olacak...... 

#Bitcoin",2021-11-17 16:15:39+00:00
Bravo #Bitcoin https://t.co/zgae1uQCBY,2021-11-17 16:15:38+00:00
"@believethehype Der vollst√§ndige Titel war: ""Superreiche Familien, mittelreiche Familien, reiche und auch arme Fami‚Ä¶ https://t.co/cqPhUwEQdu",2021-11-17 16:15:38+00:00
@cryptopapa6 @DeFiGod1 Yeah cause Ethereum is really worried about bitcoin cash and SV‚Ä¶..stupid metric,2021-11-17 16:15:37+00:00
@ZolaDream @Casper_Network Oh so you mean that on top of shitcoin Bitcoin? And Shitcoin Ethereum. Okay then,2021-11-17 16:15:37+00:00
@ScottMSibley @glennhodl @Pran10000 @JasonPLowery @w_s_bitcoin @PlaySHAmory https://t.co/QBywEYb6Kp,2021-11-17 16:15:36+00:00
@theemikehobart @FreedomIsntSafe @WClementeIII Many people go all in bitcoin with everything they have and don't ma‚Ä¶ https://t.co/BUJnS9gnrk,2021-11-17 16:15:36+00:00
El club de b√©isbol australiano Perth Heat le pagar√° a sus deportistas en Bitcoin https://t.co/OW2H5dwpJJ https://t.co/VF83jcEYVq,2021-11-17 16:15:36+00:00
"@AndreCronjeTech says bitcoin securing itself will need to raise its cap above 21m 

and you still dont have any 0x‚Ä¶ https://t.co/LUNNNRWGLs",2021-11-17 16:15:35+00:00
Donner des informations personnelles sur les √©changes Bitcoin est-il un droit ? Binance le pense https://t.co/nrfPVAxZj1,2021-11-17 16:15:35+00:00
"All,

I will be going live today at 6pm EST.

My apologies for the random week off. Needed to take care of a few th‚Ä¶ https://t.co/BTGv1rBlC1",2021-11-17 16:15:35+00:00
#november #money #bitcoin #crypto #investment #trading #forex #investing #blockchain #invest #startup #forextrader‚Ä¶ https://t.co/qAAuNpjtEP,2021-11-17 16:15:35+00:00
Navigating CityCoins: Miami citizens to earn Bitcoin despite the city not holding crypto - https://t.co/7Wb3TaxZcq https://t.co/w8palaAhJ5,2021-11-17 16:15:34+00:00
"@BinanceBCF @djimonhounsou @BinanceNFTs @helenhai @LaoluNYC @dhf_org #Bitcoin¬† currently retesting,If we can contin‚Ä¶ https://t.co/H7DxUs8cS5",2021-11-17 16:15:34+00:00
"This morning the #fortuneteller showed me this... 

#IOTA üåÄ #PANTOS üåÄ#SHIMMER 

#Bitcoin #Solana #algorand $mana‚Ä¶ https://t.co/FmZTivQcUI",2021-11-17 16:15:34+00:00
La Banque centrale de la F√©d√©ration de Russie a mis sur sa liste noire huit soci√©t√©s proposant des ¬´¬†gains sur bitc‚Ä¶ https://t.co/4uZv6xILmJ,2021-11-17 16:15:33+00:00
https://t.co/MA5SCSsF4f #dragonball #dragonballz #dragonballsuper #vegeta #goku #supersaiyan #manga #anime‚Ä¶ https://t.co/mVMvdSpjYy,2021-11-17 16:15:33+00:00
RETWEET üöÄüöÄüöÄ $GALA - BINANCE LISTING CONFIRMED DO NOT MISS OUT $SHIB $sol $doge $eth $btc bitcoin crypto,2021-11-17 16:15:33+00:00
"Nuevas econom√≠as con base #Bitcoin en El Salvador.
#LABITCONF https://t.co/q76oRFderL",2021-11-17 16:15:31+00:00
"SEC ABD‚Äôli Kripto Para Platformu Hakkƒ±nda ƒ∞nceleme Ba≈ülattƒ±!

#Bitcoin #kriptopara https://t.co/eqeA4TyJhz",2021-11-17 16:15:30+00:00
@ccdinarte2010 ¬øEst√° dificil entender la ironia de usar bitcoin en un lugar llamado dollar city?,2021-11-17 16:15:29+00:00
@SurfinBitcoin @weedcoder Mais les keynotes de qualit√©s ne s'arr√™tent donc jamais √† Surfin'Bitcoin üëå,2021-11-17 16:15:28+00:00
Who is the real founder of #Bitcoin ? #cryptocurrency,2021-11-17 16:15:28+00:00
"@all_things_btc Great work David, as usual...let's how #Bitcoin behaves vs the BANN (nice), it closely matches to w‚Ä¶ https://t.co/TZysrolAiO",2021-11-17 16:15:27+00:00
#revenue #revenuecoin #bnb #bitcoin https://t.co/MjcMddEI5j,2021-11-17 16:15:25+00:00
"49.000 ABD Dolarƒ± seviyesine sert d√º≈ü√º≈ü gelir mi?

#Bitcoin #Binance #Crypto #cryptocurrency https://t.co/GrGOckXriS",2021-11-17 16:15:25+00:00
"Uno que entiende de Crypto, Bitcoin, Ethereum, blockchain e impositividad es el pelotudo del remisero. https://t.co/HgcxKDvHKA",2021-11-17 16:15:25+00:00
"USD mkt cap changes last 24 hours

üöÄ
$AVAX  +2.879b
$CRO   +1.502b
$GALA  +716.070m

üåßÔ∏è
$BTC   -19.550b
$ETH   -11.‚Ä¶ https://t.co/xZocYPvTfz",2021-11-17 16:15:23+00:00
"Mais um previs√£o para voc√™s.
Aguardem....
Para o BITCOIN ter novas altas √© preciso que essa onda 5 passe do n√≠vel d‚Ä¶ https://t.co/GtfZkiQzPD",2021-11-17 16:15:23+00:00
@ck_SNARKs @level39 #Bitcoin is dipping deeper into the old resistance area in an effort to flip it into a new supp‚Ä¶ https://t.co/bdvP8aB7h2,2021-11-17 16:15:22+00:00
"üìà #Bitcoin $BTC Mean Transaction Volume (change-adjusted) (7d MA) just reached a 1-month high of 2.925 BTC

Previou‚Ä¶ https://t.co/6YG6Gde50i",2021-11-17 16:15:21+00:00
IS THE #BITCOIN DIP OVER? MY BULLISH AND BEARISH TARGETS! https://t.co/79hCugGgtu,2021-11-17 16:15:20+00:00
"üìà #Bitcoin $BTC Transaction Volume (change-adjusted) (7d MA) just reached a 1-month high of 31,790.681 BTC

Previou‚Ä¶ https://t.co/oEicGoSZcL",2021-11-17 16:15:20+00:00
Portal partners with Polygon to advance DeFi on Bitcoin - Cointelegraph https://t.co/ItilsL5Bmb,2021-11-17 16:15:18+00:00
If you're not exposed to #Bitcoin with all the massive partnerships going on then I dunno what to tell you. #Lakers‚Ä¶ https://t.co/TLz9tCKdfu,2021-11-17 16:15:16+00:00
Thoughts on #Bitcoin https://t.co/pg6j6OdfVy,2021-11-17 16:15:16+00:00
@BrianRoemmele I respect Bitcoin Mr. Roemelle. Been a hodl'er of BTC since 2016 but as far as Bitcoins go BCH is mo‚Ä¶ https://t.co/xlkygmnupH,2021-11-17 16:15:16+00:00
"#‰ªÆÊÉ≥ÈÄöË≤® #LBC
BittrexÈ´òÈ®∞/Êö¥ËêΩ ÈÄüÂ†±(5ÂàÜÂâç‰æ°Ê†º„Å®???ËºÉ)
[USD-LBC]-11.68%0.049000000
[USDT-CTPL]10.02%0.012740000
[USDT-CBANK]-8.82%0‚Ä¶ https://t.co/vXbaele5Hd",2021-11-17 16:15:16+00:00
"One of the best cryptocurrencies of the future
#BabyDogeCoin #BabyDoge #Ethereum #bitcoin #crypto #buythedip‚Ä¶ https://t.co/lvzl1dYURZ",2021-11-17 16:15:16+00:00
"#eurchf     
ÿßÿµÿ®ÿ≠ÿ™ ŸÖÿ™ŸàŸÅÿ±ÿ© ÿßÿßÿßŸÜ ŸÑŸÑÿ™ŸàÿµŸäÿßÿ™ ÿßŸÑŸÖÿØŸÅŸàÿπŸá 
#crypto #bnb #floki #shiba #bitcoin #eth #sol #nft #binance‚Ä¶ https://t.co/7jTzRZ7pXg",2021-11-17 16:15:15+00:00
Retweet this tweet if #saitama or any other crypto have or will make you a millionaire. #Bitcoin #etherum #shibainu‚Ä¶ https://t.co/Y4ggU84Rce,2021-11-17 16:15:14+00:00
"üî•Ana Gabriela Ojeda (@criptolawyer)  desde @labitconf en üá∏üáª El Salvador 

#BitcoinWeek #Bitcoin #BTC #LABITCONF https://t.co/mylK5ItOJy",2021-11-17 16:15:14+00:00
Norway could back Bitcoin mining ban on environmental grounds https://t.co/g8yqyyyNe0,2021-11-17 16:15:14+00:00
"Y no pod√≠a ser de otra manera, el gobierno nac&amp;pop, ordena que Bitcoin y todas las criptomonedas pagar√°n ""impuestos‚Ä¶ https://t.co/xzJYZP18ME",2021-11-17 16:15:14+00:00
"Coinbase CFO Says Crypto Exchange Has Invested Over $180,000,000 in Digital Assets Including Bitcoin and Ethereum https://t.co/7Wo5G68Mwi",2021-11-17 16:15:14+00:00
"dear santa: solo quiero una cosa, 1 bitcoin.",2021-11-17 16:15:13+00:00
"@steve_hanke @nayibbukele Old man, calm down and buy more #bitcoin. #crypto is the future, definetely not yours!",2021-11-17 16:15:13+00:00
"What if you bought bags of $GALA yesterday on my first post when I said We‚Äôre taking off!! ü§ëü§ëü§ë
crypto‚Ä¶ https://t.co/Knsdzup7d3",2021-11-17 16:15:12+00:00
@FumbleThe @ErinPritchard15 @jon_trickett Bitcoin will disappear. Good luck with that.,2021-11-17 16:15:12+00:00
"üêÆ BULLWHALE! just LONGED $5,977,337 worth of #Bitcoin #BTC at $59,940 on #Binance Futures",2021-11-17 16:15:10+00:00
"@MiamiBeachNews @MiamiBeachNews good day,

I‚Äôd like to discuss a great opportunity to the City of Miami Beach to pu‚Ä¶ https://t.co/GFK8dDJ2Pa",2021-11-17 16:15:10+00:00
Etherium en g√ºvendiƒüim coinlerden biridir. Bitcoin'in sert d√º≈ümesi ile birlikte kanal dƒ±≈üƒ±na √ßƒ±ktƒ± ve destekten bir‚Ä¶ https://t.co/dPrNUdVZsT,2021-11-17 16:15:09+00:00
#birthdaygift #linkedin #twitter #facebook #instagram #bitcoin #socialmedia #pinterest #dogecoin #deal #gift #gifts‚Ä¶ https://t.co/Pdlt2C7U94,2021-11-17 16:15:09+00:00
"#Bitcoin will do to #banks what #email did to the #postal industry
‚Äì Rick Falkvinge",2021-11-17 16:15:09+00:00
#linkedin #twitter #facebook #instagram #birthdaygift #doge #socialmedia #pinterest #dogecoin #deal #gift #gifts‚Ä¶ https://t.co/tHRdeky3Dq,2021-11-17 16:15:08+00:00
"@RiseCryptoRise @BabyDogeCoin Wow! #BabyDoge Amazing community is growing very fast - 963K Holders
BabyDoge Togethe‚Ä¶ https://t.co/VdGN9NpODA",2021-11-17 16:15:08+00:00
#tumblr #twitter #facebook #instagram #birthdaygift #dogecoin #socialmedia #pinterest #doge #deal #gift #gifts‚Ä¶ https://t.co/oX19bAkFC5,2021-11-17 16:15:08+00:00
#linkedin #twitter #facebook #instagram #birthdaygift #bitcoin #socialmedia #pinterest #dogecoin #deal #gift #gifts‚Ä¶ https://t.co/X4M8ePr3AL,2021-11-17 16:15:08+00:00
@XSNofficial @___spiral____ @StakenetDEX #xsn $xsn #Bitcoin #dex #masternode,2021-11-17 16:15:07+00:00
"Mark is ready to buy $WAIFU
and you?

#waifuparadisetoken #waifuparadise #waifuarmy #nft #binance #bsc #bitcoin‚Ä¶ https://t.co/c9lSCFaBJ7",2021-11-17 16:15:07+00:00
"üáÆüá≥ ‡§¨‡§ø‡§ü‡§ï‡•â‡§á‡§®(BTC) ‡§Ü‡§∞‡•ç‡§¨‡§ø‡§ü‡•ç‡§∞‡•á‡§ú ‡§∏‡§Ç‡§≠‡§æ‡§µ‡§®‡§æ ‚Äº
  ‚úÖBestAsk Exchange:Wazirx
  ‚¨áPrice (BUY): 1BTC = 4,809,998 INR
  ‚úÖBestBid Exc‚Ä¶ https://t.co/JapLBSbr6P",2021-11-17 16:15:07+00:00
"‚è≥ Atualiza√ß√£o a cada hora

     ü™ô 1 BTC - R$ 333488,48
     üíé 1 ETH - R$ 23335,75
     ‚ùà  1 ADA - R$ 10,23
     ‚úñÔ∏è‚Ä¶ https://t.co/vq45myp83X",2021-11-17 16:15:05+00:00
"#WednesdayWisdom #Goals #Expectations

""You have to expect things of yourself before you can do them.""

- Michael J‚Ä¶ https://t.co/TJc955w6SK",2021-11-17 16:15:04+00:00
Top Australian Baseball Club To Pay Players In¬†Bitcoin https://t.co/yyPh4KeSVk,2021-11-17 16:15:03+00:00
"The current price of Bitcoin is $59859.00.
The current price of BCash is $588.52, or 0.00983177 BTC.
The current pr‚Ä¶ https://t.co/ViU2ktb2zi",2021-11-17 16:15:02+00:00
@Bitcoin_phan @ScottMSibley @BTCisHOW @Pran10000 @JasonPLowery @w_s_bitcoin @PlaySHAmory Question is can we design‚Ä¶ https://t.co/k0pE6aeCKz,2021-11-17 16:15:02+00:00
I need around $2 million to start a free car repair/small engine repair garage using defi.  Donations accepted‚Ä¶ https://t.co/S4KerHxqvK,2021-11-17 16:15:02+00:00
"üìå ¬°HOY! Todo sobre Bitcoin: qu√©, c√≥mo y por qu√©

Las charlas que se vienen:
‚úÖ 10:20: Apertura
‚úÖ 10:30: #Bitcoin, el‚Ä¶ https://t.co/ffdTIynBCq",2021-11-17 16:15:01+00:00
"POLYGON PRICE ANALYSIS - MATIC TECHNICAL ANALYSIS - MATIC
PRICE PREDICTION 2021 $MATIC  https://t.co/FhWRqtNBVJ   #Bitcoin",2021-11-17 16:15:01+00:00
"current price of #Bitcoin : 59,900.00 USDT

last 15 min 
change : +0.39%
volatile : 0.83%

O : 59,664.50 USDT
H : 5‚Ä¶ https://t.co/oMz2JoeTGi",2021-11-17 16:15:01+00:00
"Independent Republic of Making Money

https://t.co/gWeuRRaPxI

Premium Domain for sale.

7 Day Auction‚Ä¶ https://t.co/q8PJC3WQNj",2021-11-17 16:15:00+00:00
#17Nov Programadores de 23 pa√≠ses competir√°n para crear el mejor producto bancario basado en #Bitcoin para el‚Ä¶ https://t.co/ebVkLwQ5IO,2021-11-17 16:15:00+00:00
"@davidgokhshtein #Bitcoin¬† currently retesting,If we can continue to hold above this level (~$59.4k ) then we're st‚Ä¶ https://t.co/EgT4VTmkWz",2021-11-17 16:15:00+00:00
Big boy pull ups ü¶ç #altcoins #Bitcoin https://t.co/91dtC7Uhiu,2021-11-17 16:14:59+00:00
This analyst remains bullish on #Bitcoin despite the recent pullback https://t.co/IRFy8NsjFv,2021-11-17 16:14:58+00:00
@PrestonPysh @JeffBooth #Bitcoin is dipping deeper into the old resistance area in an effort to flip it into a new‚Ä¶ https://t.co/UJRqnL1tNi,2021-11-17 16:14:58+00:00
"Da faq is this scam?

#bitcoin #ethereum #polkadot #aion #crypto https://t.co/XVsGGAzrgq",2021-11-17 16:14:57+00:00
"Bitcoin &amp; The End Of US 'Super Imperialism' https://t.co/N41xn7imgM 
#freedomsphoenix",2021-11-17 16:14:56+00:00
"@dmuthuk After so many day's got a relevant and situational tweet.

Its worth 1 Bitcoin after Govt considering Crypto as bond or share",2021-11-17 16:14:56+00:00
@JoseValdezSV @bcr_sv Lo peor que son los mismos q est√°n ocupando el Bitcoin ü§≠ü§£,2021-11-17 16:14:55+00:00
#learnbitcoin  Buy #bitcoin before you are buried. https://t.co/vOjjQ6uV6R,2021-11-17 16:14:54+00:00
Bitcoin Mirroring Parabolic Run (HISTORIC Crypto Moves Imminent) https://t.co/50lbhwWidR via @YouTube Man does he g‚Ä¶ https://t.co/LaOFsuHfKy,2021-11-17 16:14:54+00:00
Si hay algo que es imposible de regular es el bitcoin por esta razon es tan maravilloso.,2021-11-17 16:14:53+00:00
@ChrisDunnTV #Bitcoin is dipping deeper into the old resistance area in an effort to flip it into a new support are‚Ä¶ https://t.co/PPEAXd78zN,2021-11-17 16:14:52+00:00
Portal partners with Polygon to advance DeFi on Bitcoin - https://t.co/mZowajtXfx https://t.co/jaGW5KkQyo,2021-11-17 16:14:51+00:00
"En b√ºy√ºk ve en g√º√ßl√º i≈ü hayatta kalma stratejimiz deƒüi≈üim hƒ±zƒ±nƒ± ele alma hƒ±zƒ± olacaktƒ±r. Bu deƒüi≈üim hƒ±zƒ± trendir.
#btc #BTCUSDT #Bitcoin",2021-11-17 16:14:51+00:00
¬øQu√© Es La Actualizaci√≥n Taproot Del Bitcoin? https://t.co/qdoIhI5xcd a trav√©s de @YouTube,2021-11-17 16:14:50+00:00
"Adamlar ekonomi okumu≈ü g√∂rm√º≈ü borsada ceo dedilerki Bitcoin $200 dolar olacak yil Sonu?
Okuyamadik orta bir terk 
B‚Ä¶ https://t.co/voUMEtUrIx",2021-11-17 16:14:50+00:00
100% Safe Method Legit Free Bitcoin Mining Without Investment | Undetected https://t.co/ne1w2sPlu9 via @YouTube how nice,2021-11-17 16:14:50+00:00
"Bitcoin Still Unsuited For Mainstream Payments, Says Deutsche Bank",2021-11-17 16:14:50+00:00
@gum_mp3 1 bitcoin a season pass,2021-11-17 16:14:50+00:00
#bitcoin helps you become more responsible with your money.,2021-11-17 16:14:47+00:00
"@xSpunksXRPL All set, Great opportunity for me and dont missed it and good luck guys.

@BalolongK @teripang69 @xumm_dagre",2021-11-17 16:14:47+00:00
"üìàüí∂$2,501,463 $ETH LONGED @$4190.0 [17/11/21 16:14:45]
üè™FTX | ETH-PERP

üó£Ô∏èNot your keys, Not your Bitcoin. - dvharry2020",2021-11-17 16:14:46+00:00
@CyrptoCan1 #Bitcoin,2021-11-17 16:14:45+00:00
Friends don‚Äôt let friends sell the dip #bitcoin #btc https://t.co/2l4qWAVS3r,2021-11-17 16:14:45+00:00
@Phoenix_Ash3s #Bitcoin is dipping deeper into the old resistance area in an effort to flip it into a new support a‚Ä¶ https://t.co/Ka5ezptzHG,2021-11-17 16:14:45+00:00
Top Australian Baseball Club To Pay Players In¬†Bitcoin https://t.co/sn5p4Jp5aK,2021-11-17 16:14:44+00:00
"Crypto Prices (USD/‚Çø)

Bitcoin ‚á® $59617.8122‚û∂
AxieInfinity ‚á® $134.5562‚û∑
VeChain ‚á® $0.1417‚û∂
EthereumClassic ‚á® $47.17‚Ä¶ https://t.co/aOPLizZQAZ",2021-11-17 16:14:41+00:00
"@mrmikerezzy @davido Please help a bro 
Bitcoin wallet
344ae6b3
Abaasa Nickson 
Thanks üôè",2021-11-17 16:14:40+00:00
#BreakingNews @PredictIt @carlquintanilla #FED #Powell #Brainard #Biden #Yellen #Manchin Big Big Decision $SPY $QQQ‚Ä¶ https://t.co/SPTcZd02eb,2021-11-17 16:14:40+00:00
"To all my $BTC #Bitcoin lovers out there, trader university is a great educational and informative channel on YouTube.",2021-11-17 16:14:38+00:00
@fomocapdao #Bitcoin is dipping deeper into the old resistance area in an effort to flip it into a new support area‚Ä¶ https://t.co/ePlLzF6GNF,2021-11-17 16:14:38+00:00
@bitcoin_brown Wen refund sir,2021-11-17 16:14:38+00:00
@lkblack01 @SagicorJa #Bitcoin,2021-11-17 16:14:37+00:00
Portal partners with Polygon to advance DeFi on Bitcoin https://t.co/hULmbbOu6O #blockchainwire #blockchain https://t.co/qaNiQXRO5P,2021-11-17 16:14:37+00:00
"$icx #icx 
#bitcoin

üòâüòâüòâüòâ https://t.co/fO8YnSAQjD",2021-11-17 16:14:35+00:00
"@byplannerr Bitcoin Diamond üíéüíéüíé is one of crypto's most undervalued 'hidden gems' on the market!!!
$BCD/BTC
$BCD/US‚Ä¶ https://t.co/XL5GNwA3kg",2021-11-17 16:14:34+00:00
"@CryptoTownEU This is definitely going to be huge success as the team
has been an inspiration in their innovative
a‚Ä¶ https://t.co/evRlIdoCMu",2021-11-17 16:14:33+00:00
The most successful baseball club in Australia has made the fateful decision to adopt #BTC payments across the orga‚Ä¶ https://t.co/X6E6yzpett,2021-11-17 16:14:33+00:00
"Crypto Prices (USD/‚Çø)

Bitcoin ‚ûΩ $59617.8122‚û∂
BitcoinCash ‚ûΩ $588.5077‚û∂
Polygon ‚ûΩ $1.5721
Filecoin ‚ûΩ $55.0655‚û∑
Stell‚Ä¶ https://t.co/WeRR1iAn9Q",2021-11-17 16:14:33+00:00
@Bitcoin_phan @ScottMSibley @BTCisHOW @Pran10000 @JasonPLowery @w_s_bitcoin @PlaySHAmory The game will have two pha‚Ä¶ https://t.co/AcDlEZBLGD,2021-11-17 16:14:32+00:00
https://t.co/8lqrzxpi1V #dragonball #dragonballz #dragonballsuper #vegeta #goku #supersaiyan #manga #anime‚Ä¶ https://t.co/JjusK3m7Hn,2021-11-17 16:14:32+00:00
"üíß AEX Airdrop üíß

üèÜ Task:          ‚ûï 20 GAT (~$2)

üë®‚Äçüë©‚Äçüëß Referral:   ‚ûï 10 Points

üîõ Airdrop Link &amp; Information:‚Ä¶ https://t.co/ha7qRqsVzT",2021-11-17 16:14:32+00:00
Hay debate de si el @100montaditos est√° aceptando Bitcoin o no como medio de pago y mientras la @EMTmadrid  me acab‚Ä¶ https://t.co/chUWr0U2vj,2021-11-17 16:14:31+00:00
@BVBTC #Bitcoin is dipping deeper into the old resistance area in an effort to flip it into a new support area week‚Ä¶ https://t.co/neOPOI8yB1,2021-11-17 16:14:30+00:00
@jacqmelinek @theadvisorcoach This data should be taken with a grain of salt in that Google trends only covers the‚Ä¶ https://t.co/vmABhOlS6V,2021-11-17 16:14:30+00:00
"@openoms @BTC_LN @Visa @AmazonUK #Bitcoin¬† currently retesting,If we can continue to hold above this level (~$59.4k‚Ä¶ https://t.co/OWnKlbsw0R",2021-11-17 16:14:30+00:00
"#Bitcoin 
 Price Now: $59851
 Market Cap: $1129748730934.3582 #BTC",2021-11-17 16:14:29+00:00
"Bitcoin's Recent Drop Below $60K Is Not Worrisome, Analyst Says

https://t.co/W7pQQ47SFl
from Utoday #cryptonews‚Ä¶ https://t.co/y7exW0taNL",2021-11-17 16:14:27+00:00
https://t.co/dFlY0xlOdt,2021-11-17 16:14:26+00:00
@Dehkunle @davido Me too get Bitcoin wallet boss,2021-11-17 16:14:25+00:00
"@FantasyArenaNFT @FantasyArenaNFT AMAZING NFT GAME!

 #Metaverse #fantasyarena #Bitcoin¬† #NFTs #GameNFT #PlayToEarn  #BSC¬† #GameFi",2021-11-17 16:14:25+00:00
"Crypto Prices (USD/‚Çø)

Bitcoin ‚û® $59617.8122‚û∂
Ethereum ‚û® $4166.8724‚û∂
Binance ‚û® $569.9136‚û∂
Cardano ‚û® $1.8549‚û∑
Doge ‚û®‚Ä¶ https://t.co/piriFWoWM1",2021-11-17 16:14:24+00:00
@CoinDeskMarkets @LedesmaLyllah #Bitcoin is dipping deeper into the old resistance area in an effort to flip it int‚Ä¶ https://t.co/bZCEvmocbA,2021-11-17 16:14:22+00:00
"@RiseCryptoRise Wow! #BabyDoge Amazing community is growing very fast - 963K Holders
BabyDoge Together We're strong‚Ä¶ https://t.co/8pdA4soqX1",2021-11-17 16:14:22+00:00
@Animalia_token Got to be a bear. No bull üòÅ waiting for the public IDO. one of my most anticipated games. Amazing p‚Ä¶ https://t.co/pkxskBBRT3,2021-11-17 16:14:21+00:00
bitcoin s√≥ subindo e eu gastando meu dinheiro todinho na cbr ü§°,2021-11-17 16:14:21+00:00
"@kellygirl2600 Too broad a query for a single good answer. Not all cryptocurrency is horrible, but Austrian Economi‚Ä¶ https://t.co/eiwmudn3JR",2021-11-17 16:14:21+00:00
Join me! üëáüòé #Bitcoin #BTC https://t.co/w4UHDMv2T0,2021-11-17 16:14:19+00:00
"@CromerZome The question is what‚Äôs the likelihood Bitcoin is $2, or $18 or $1000 tomorrow and the answer is unlikel‚Ä¶ https://t.co/hEGeC0effX",2021-11-17 16:14:19+00:00
#Bitcoin ≈üemalarƒ±nƒ± istatistiklerini g√∂r√ºyorum. cidden g√ºl√ºyorum. alƒ±ma g√∂re olu≈üuyor o grafikler. g√ºn d√∂n√ºm√º vs de‚Ä¶ https://t.co/QoCJfuMWVv,2021-11-17 16:14:17+00:00
"@KaiSchreiben @RomanReher @veronikakuett @blocktrainer Und das nur, weil sie vor Fiat ihre eigene W√§hrung entwertet‚Ä¶ https://t.co/GyPcXeFXaX",2021-11-17 16:14:17+00:00
"Crypto Prices (USD/‚Çø)

Bitcoin ‚û§ $59617.8122‚û∂
Ethereum ‚û§ $4166.8724‚û∂
Doge ‚û§ $0.1426‚û∂
Binance ‚û§ $569.9136‚û∂
Cardano ‚û§‚Ä¶ https://t.co/yK82YF3r9Z",2021-11-17 16:14:15+00:00
Get $10 in #Bitcoin now at BlockFi! Why just HODL when you can also earn compounding daily interest? Interest earne‚Ä¶ https://t.co/TZcr5llwCJ,2021-11-17 16:14:14+00:00
"Animated and colorful flower ball for sale on @rarible 

https://t.co/g91xr0M5dk
#NFTs #NFTCommunity #NFTGiveaway‚Ä¶ https://t.co/FNLpzA3qtT",2021-11-17 16:14:14+00:00
"$btc #btc #bitcoin
Plan B ? 
@100trillionUSD @CryptoCapo_ @TheMoonCarl @elonmusk @saylor https://t.co/V9rDEMXATs",2021-11-17 16:14:14+00:00
@Diditaihuttu #Bitcoin is dipping deeper into the old resistance area in an effort to flip it into a new support ar‚Ä¶ https://t.co/yNOJfIMZy5,2021-11-17 16:14:14+00:00
"Next block fee rate: 6 sat/vByte
Half hour fee rate: 4 sat/vByte
Hour fee rate: 1 sat/vByte

You can broadcast now‚Ä¶ https://t.co/Qmh7RLuSbQ",2021-11-17 16:14:12+00:00
"@tsarnetwork woww project...
This is definitely going to be HUGE!  as the team has been an inspiration in their inn‚Ä¶ https://t.co/QQzSbHKtwX",2021-11-17 16:14:12+00:00
@suzanainbloom CACHORRO BITCOIN,2021-11-17 16:14:11+00:00
Senior Bitcoin Software Engineer (Backend) - FULLY REMOTE - PST hours CRYPTO CRYPTO NEWS - https://t.co/LWXWp3zvlw,2021-11-17 16:14:11+00:00
Free #Bitcoin instantly. I have recover all my scammed coins https://t.co/DGGnn5Tq09 https://t.co/sPMF97MUhs,2021-11-17 16:14:11+00:00
@Rick_City Did they pay for the deal in USD or Bitcoin? ... Or Dogecoin?,2021-11-17 16:14:09+00:00
"@deesse_art_ Good project
@Jeanval21460955 
@die_coin 
@illuviumio  

#BSC #Airdrop #Bitcoin",2021-11-17 16:14:08+00:00
@okpaIV15 Ratio (I lost my trust wallet bitcoin eth hacked hack. I'll literally pay someone to write this essay pay to doge mine.),2021-11-17 16:14:08+00:00
"@Antnest_Network The project is implemented professionally and has a clear development plan. Without doubt, this is‚Ä¶ https://t.co/cKvO1LOfke",2021-11-17 16:14:08+00:00
"@cryptocom estar√° presente en el nuevo nombre del m√≠tico estadio Staples Center en Los √Ångelesüî•

La gente poco a po‚Ä¶ https://t.co/KAsNHJKscG",2021-11-17 16:14:07+00:00
"Crypto Prices (USD/‚Çø)

Bitcoin ‚û¶ $59599.7755‚û∂
Ethereum ‚û¶ $4166.1297‚û∂
Binance ‚û¶ $569.9136‚û∂
Cardano ‚û¶ $1.8549‚û∑
Tether‚Ä¶ https://t.co/baKbpW0i0P",2021-11-17 16:14:07+00:00
"@PrestonPysh @JeffBooth #Bitcoin¬† currently retesting,If we can continue to hold above this level (~$59.4k ) then w‚Ä¶ https://t.co/GebiG4Lbjd",2021-11-17 16:14:05+00:00
"Bitcoin Price Analysis: BTC Drops 13% To Retest the $58,000 Support Floor.",2021-11-17 16:14:04+00:00
3Ô∏è‚É£ reasons to #love #bidcoin: fun way to get #crypto / #save up to 70% / safe as but easier than any #exchange! üí™üèº‚Ä¶ https://t.co/IixyKHkD3t,2021-11-17 16:14:01+00:00
@bitcoin_brown At least you didn't get beaten up like me https://t.co/hGuTnNCTSR,2021-11-17 16:14:01+00:00
@criptolawyer @beincrypto_es @nayibbukele @labitconf @RodolfoBits @beincrypto @BeInCrypto_BR #Bitcoin is dipping de‚Ä¶ https://t.co/fS8LFLvdiM,2021-11-17 16:14:01+00:00
"Paradigm shift in #Bitcoin.

You aren't investing in bitcoin.
You're saving with bitcoin. 

Channel all cashflows y‚Ä¶ https://t.co/NJaDhaN70o",2021-11-17 16:14:00+00:00
üóûÔ∏è Los legisladores y reguladores rusos est√°n presionando para que se produzca un cambio en la legislaci√≥n sobre‚Ä¶ https://t.co/QiSZ8bjbpr,2021-11-17 16:14:00+00:00
@nonstabIe I don't have cash app that's my bitcoin address üëÜüëÜüëÜüëÜ,2021-11-17 16:13:58+00:00
"TurtleCoin V2 Update:
V1 Chain coins will be deleted permanently, swap to V2 chain immediately.
&gt;
TurtleCoin V2 Swa‚Ä¶ https://t.co/dpOjH82k7c",2021-11-17 16:13:58+00:00
@take_gains  https://t.co/5c7QF8rtu8,2021-11-17 16:13:57+00:00
J'ai install√© un logiciel de minage de Bitcoin https://t.co/88Hi82GF6E,2021-11-17 16:13:56+00:00
"Encore une masterclass de @ARTEfr, merci 
https://t.co/toFwWPgsRn",2021-11-17 16:13:55+00:00
"ü§ëPues ser√° que si #Bitcoin 
- Importante seguir la regla de vender en verde y con calma para entrar en rojo.
- Pose‚Ä¶ https://t.co/3jhP3AGlrH",2021-11-17 16:13:54+00:00
"@Poloniex #Bitcoin¬† currently retesting,If we can continue to hold above this level (~$59.4k ) then we're still loo‚Ä¶ https://t.co/ZmInxg3s03",2021-11-17 16:13:54+00:00
@morpheuslabs_io @BruceLuy #Bitcoin is dipping deeper into the old resistance area in an effort to flip it into a n‚Ä¶ https://t.co/UdiogqIhLF,2021-11-17 16:13:52+00:00
"@TheMoonCarl üö® #oresystem has a beautiful graphic, strong owners, an experienced team and strong partners.

üöÄ no on‚Ä¶ https://t.co/ZdQmtqk3mx",2021-11-17 16:13:52+00:00
"https://t.co/ekwS8QSBzy
Cu c√¢t se impoziteazƒÉ castigurile din CRIPTOMONEDE!",2021-11-17 16:13:52+00:00
"Has #Bitcoin correction bottomed? Let's check some support and fib levels! Live in about 15 minutes.

üñïüí∞üéôÔ∏è‚Ä¶ https://t.co/AN21S4fDpo",2021-11-17 16:13:51+00:00
"$WTK @WadzPay Gainers next weeküê≥
Let's buy at @BitrueOfficial Or @BitMartExchange 

#Bitcoin #Binance #CryptoNews",2021-11-17 16:13:50+00:00
"@infobae ""Golpe al bitcoin"" üòÇüòÇüòÇ",2021-11-17 16:13:49+00:00
@FossGregfoss @LawrenceLepard @saylor I‚Äôm watching $70k-$71k as the next resistance for #Bitcoin¬†¬†¬†¬†¬†if we can brea‚Ä¶ https://t.co/9zVImhGPjH,2021-11-17 16:13:49+00:00
Seeing Bitcoin drop I believe that they‚Äôre looking for liquidity and using that to delay the cycle that everyone ha‚Ä¶ https://t.co/ODFLyhnozP,2021-11-17 16:13:47+00:00
"GALAXY HEROES COIN üíé $GHC #ghc #galaxyheroes #bscgems #GHC #BNB¬† 
#GHCTOTHEMOON #GALAXYHEROETOTHEMOON‚Ä¶ https://t.co/WDtkjycJAy",2021-11-17 16:13:46+00:00
Si Bitcoin Baja a 57 y se mantiene ahi. Es buen momento de comprarlo NFA,2021-11-17 16:13:45+00:00
@THETOPICisCOOL #Bitcoin is dipping deeper into the old resistance area in an effort to flip it into a new support‚Ä¶ https://t.co/QofoWcVakk,2021-11-17 16:13:43+00:00
"Thank you Brian! #advisors, start your #digitalasset journey here: https://t.co/94v3JJLceZ
#bitcoin
#blockchain https://t.co/sMYfxsD8hQ",2021-11-17 16:13:43+00:00
@conspiracyb0t #Bitcoin will set you free,2021-11-17 16:13:41+00:00
"@jaemcityx @DinosChibi üö® #oresystem has a beautiful graphic, strong owners, an experienced team and strong partners‚Ä¶ https://t.co/PiQ5mcmuCH",2021-11-17 16:13:41+00:00
"@Babygravy9 ‚ÄúNo thanks I already give to charity‚Äù

Then slam the door",2021-11-17 16:13:40+00:00
"#recession ... #Crypto #Bubble edition

#Tether #USDT #Bitcoin #StableCoin #stablecoins #cryptocurrency‚Ä¶ https://t.co/xP3o6dygBb",2021-11-17 16:13:40+00:00
@MartyBent @tailopez Bitcoin is the future,2021-11-17 16:13:40+00:00
"#AVAX 103 $ Y√ºkseldi ! Benim dediƒüimde 8 $ dƒ± !
8$ da deƒüerlendirdiƒüim   #avalanche dƒ± 20 temmuzduüòéüëä
 #Bitcoin kar≈ü‚Ä¶ https://t.co/F2476cw92N",2021-11-17 16:13:39+00:00
"BSV, unlike BTC, is a commodity: Bitcoin Creator - Dr. Wright | CG New York https://t.co/mALsN3Odyc",2021-11-17 16:13:39+00:00
@CarnivoreSapien This is the way.,2021-11-17 16:13:38+00:00
@HakuyaaLFC My bitcoin trust wallet has been hacked help!,2021-11-17 16:13:38+00:00
@MasterTes #Bitcoin is dipping deeper into the old resistance area in an effort to flip it into a new support area‚Ä¶ https://t.co/G6ga1fLhAa,2021-11-17 16:13:37+00:00
"Los Angeles' Staples Center is becoming the https://t.co/OUwWcxcGmY Arena
https://t.co/XYXaJQCRuu NSAV is the next‚Ä¶ https://t.co/8gTnCYbGbp",2021-11-17 16:13:37+00:00
"@DjPrestigeUk üö® #oresystem has a beautiful graphic, strong owners, an experienced team and strong partners.

üöÄ no o‚Ä¶ https://t.co/OwQWNWs7Ee",2021-11-17 16:13:34+00:00
"40% of all dollars in circulation have been created in the last year.

Protect yourself.

Buy #Bitcoin",2021-11-17 16:13:34+00:00
"üö®üö®üö®üö®
#BTC 8 HAFTALƒ∞K ORTALAMA OLAN 59.400 ALTƒ∞NDA HAFTALIK KAPANƒ∞S YAPACAƒûINI D√ú≈û√úNM√úYORUM..

üö®üö®#BTC üö®üö® kripto piya‚Ä¶ https://t.co/OLi6otRgpN",2021-11-17 16:13:32+00:00
https://t.co/S3oZMBpR8u #dragonball #dragonballz #dragonballsuper #vegeta #goku #supersaiyan #manga #anime‚Ä¶ https://t.co/CGjR8VVHGm,2021-11-17 16:13:32+00:00
$Rivrfloki Road to 0.01 üöÄüî•üî• @Kevin @gateio @bitcoin @Movr,2021-11-17 16:13:31+00:00
"Oasis Vakfƒ±, gizlilik bilgi i≈ülem platformu Oasis aƒüƒ±ndaki DeFi projelerini ve ayrƒ±ca NFT, veri tokenizasyonu ve me‚Ä¶ https://t.co/RVTUGyZyIz",2021-11-17 16:13:31+00:00
"Good overview of #Crypto ETFs available today.

Did you know Canada pioneered the world‚Äôs first ETF in 1990, the fi‚Ä¶ https://t.co/S76taMfM6N",2021-11-17 16:13:28+00:00
#Bitcoin anlƒ±k: https://t.co/ffglhafvvf,2021-11-17 16:13:28+00:00
Algunos lo ven bajo.. yo lo veo barato. #Bitcoin,2021-11-17 16:13:27+00:00
"Bitcoin bear:
‚ÄúThat will not survive‚Äù

(He said the same thing at $4,500)

Bitcoin Gets More High-Profile Criticism‚Ä¶ https://t.co/XtR1boYtqt",2021-11-17 16:13:27+00:00
"@FindsCryptos Lets join #CryptoGiveaway 
@RiannaChen @onlylina123 @Vaporeon2nd  #cryptocontest #airdrop‚Ä¶ https://t.co/CIGSJmoRTA",2021-11-17 16:13:27+00:00
"JimDronez found #bitcoin in a User vault at this location! Join me playing #coinhuntworld, It's awesome!‚Ä¶ https://t.co/7603IkwhMc",2021-11-17 16:13:25+00:00
@coinbeastmedia @dergigi I‚Äôm watching $70k-$71k as the next resistance for #Bitcoin¬†¬†¬†¬†¬†if we can break this range‚Ä¶ https://t.co/XNskRwWUnj,2021-11-17 16:13:25+00:00
"JimDronez found #bitcoin in a User vault at this location! Join me playing #coinhuntworld, It's awesome!‚Ä¶ https://t.co/f81e3Zt4yd",2021-11-17 16:13:25+00:00
"Bitcoin, BitConnect Fraud, Staples Center: Cryptocurrency Checkpoint - https://t.co/F1PIRIoB2p $BTC $BCC $SPLS #crypto #bitcoins #fintech",2021-11-17 16:13:25+00:00
"@RingFinancial amazing and wonderful project sir
@abhishek_coder @ThiyagarajanSI @1BabyDragon

$RING #AirdropCrypto‚Ä¶ https://t.co/79P7IyIb8t",2021-11-17 16:13:25+00:00
"Bitcoin will usher in world peace. 

@level39 explains how in his incredible essay. 

https://t.co/ayFFFskg0M",2021-11-17 16:13:23+00:00
"R$ 329.463,00
$ 59.851,00
‚Ç¨ 52.911,00

varia√ß√£o 24 horas: -1,67%

#bitcoin",2021-11-17 16:13:23+00:00
"@Antnest_Network A good project and strong team in a predictable and transparent road map, planned and projected, t‚Ä¶ https://t.co/JVX8Tedd1C",2021-11-17 16:13:23+00:00
@VeleckVT bitcoin miner?,2021-11-17 16:13:22+00:00
"@Kristenmartin06 .@mikehal31 is a scammer - he will ask you for Bitcoin in order to process the payment for the ""he‚Ä¶ https://t.co/czQESs2IFd",2021-11-17 16:13:22+00:00
@TokenDamo @horizenglobal #Bitcoin is dipping deeper into the old resistance area in an effort to flip it into a ne‚Ä¶ https://t.co/Et8DzwLcCp,2021-11-17 16:13:21+00:00
"https://t.co/NlbPKQiw7M

#DomainNameForSale 

#Bitcoin #BitcoinCash #bitcoinnews #BTCUSD #btc #crypto‚Ä¶ https://t.co/bMLMszBwaR",2021-11-17 16:13:20+00:00
"@egeek84 In my opinion, it‚Äôs never too late. Bitcoin is going up forever in terms of pricing it in dollars. It‚Äôs sa‚Ä¶ https://t.co/q4YynWdmhR",2021-11-17 16:13:19+00:00
#WELB #WellBeCoin #Bitcoin #BSC #Crypto https://t.co/xkKQCfiYJM,2021-11-17 16:13:18+00:00
"GUADAGNA IN MODO PASSIVO: https://t.co/TeMZHPedBp

#BlockFi #Bitcoin #cro #Cronos 
#Amazon",2021-11-17 16:13:17+00:00
"Jesus so much of the #crypto influencer social media is just a constant rehash of the same bullshit. What alts 10x,‚Ä¶ https://t.co/zAeGnEJbkl",2021-11-17 16:13:17+00:00
"LEDs have taken over the lightbulb industry because they are energy efficient, cheap to use.

How would #Bitcoin ev‚Ä¶ https://t.co/F0eUZYVtIg",2021-11-17 16:13:16+00:00
Como t√° o #Bitcoin hoje... https://t.co/Oth8KHppYQ,2021-11-17 16:13:16+00:00
https://t.co/3HSIMFIpRK: Gutfeld: This is where the best ideas come from https://t.co/UThm7LfiPa #PayMeInBitcoin‚Ä¶ https://t.co/LKOyKgoYKQ,2021-11-17 16:13:14+00:00
@Snowden #bitcoin legal tender,2021-11-17 16:13:14+00:00
"@bscstation @WidiLand A good project and strong team, in a predictable and transparent road map.  I think in the ne‚Ä¶ https://t.co/fdMPlmLZPB",2021-11-17 16:13:13+00:00
"https://t.co/3HSIMFIpRK: Gutfeld: When it comes to dividing, count on Joe Biden https://t.co/eTlYA4K1vk‚Ä¶ https://t.co/2eyBHCtiJd",2021-11-17 16:13:12+00:00
@Bakkt #Bitcoin is dipping deeper into the old resistance area in an effort to flip it into a new support area week‚Ä¶ https://t.co/24HSfn11Yr,2021-11-17 16:13:12+00:00
"#xrp #Ripple to the moon!üöÄüåï

#cryptocurrecy #Bitcoin #Binance #btc #BNB #Ethereum #eth #Cardano #ADA #dogecoin https://t.co/5Bibg1JfXg",2021-11-17 16:13:12+00:00
"The founder and chief investment officer of Hayman Capital Management, Kyle Bass, has warned that governments will‚Ä¶ https://t.co/emOBBJoCV8",2021-11-17 16:13:11+00:00
"@AirdropStario This project is really very clear and there is no element of deception
@hifan01
@Arijamal20‚Ä¶ https://t.co/F068Rlu9Uo",2021-11-17 16:13:11+00:00
https://t.co/3HSIMFIpRK: Barack Obama trolled for his 'stunning geographical gaffe' in speech to COP26‚Ä¶ https://t.co/5gqh203hlY,2021-11-17 16:13:10+00:00
"@Cypher2140 Se pueden confiscar sino preg√∫ntale a Alemania y tambi√©n se pueden robar , bitcoin es el futuro pero no digas ganzadas",2021-11-17 16:13:10+00:00
"Breaking News Rating: 4/10
Coin Ticker: $XLM
Price changed -0.04% within 10 minutes
#crypto #bitcoin #blockchain‚Ä¶ https://t.co/9HDb9q8wJb",2021-11-17 16:13:08+00:00
https://t.co/3HSIMFrmPK: PulseChain - The Story of Redemption! #HEX #PULSE #PULSECHAIN https://t.co/heEX6mVaHu‚Ä¶ https://t.co/SVVoQUmywq,2021-11-17 16:13:08+00:00
"@BBCBusiness Do You know that you can make up to $30,000 in mining directly to your bitcoin wallet, cash app, bank‚Ä¶ https://t.co/E4JkUGJNfo",2021-11-17 16:13:08+00:00
"@Bakkt #Bitcoin¬† currently retesting,If we can continue to hold above this level (~$59.4k ) then we're still lookin‚Ä¶ https://t.co/OQh1iVMznk",2021-11-17 16:13:08+00:00
@WidiLand I believe this is a faithful project.The projector has a lot of attractions so hopefully the project will‚Ä¶ https://t.co/xAdL7jBHFi,2021-11-17 16:13:07+00:00
@AidiToken #Bitcoin is dipping deeper into the old resistance area in an effort to flip it into a new support area‚Ä¶ https://t.co/zPYlJahdSY,2021-11-17 16:13:07+00:00
"üáÆüá≥ ‡§¨‡§ø‡§ü‡§ï‡•â‡§á‡§®(BTC) ‡§Ü‡§∞‡•ç‡§¨‡§ø‡§ü‡•ç‡§∞‡•á‡§ú ‡§∏‡§Ç‡§≠‡§æ‡§µ‡§®‡§æ ‚Äº
  ‚úÖBestAsk Exchange:Wazirx
  ‚¨áPrice (BUY): 1BTC = 4,790,978 INR
  ‚úÖBestBid Exc‚Ä¶ https://t.co/xLuCj2Hx8n",2021-11-17 16:13:07+00:00
"@DoloNFT Buy the DIP

üåôüåôüåôAinu Tokenüåôüåôüåô

https://t.co/PzqOAilTVF.         #AinuToken 
üí´üí´üí´üí´üí´üí´üí´üí´üí´üí´üí´üí´

‚û°Ô∏èNEXT LIST MEXC‚Ä¶ https://t.co/gyRrURHOh0",2021-11-17 16:13:07+00:00
https://t.co/3HSIMFIpRK: PulseChain HEX - Our Language Creates our Future! #HEX #PULSE #PULSECHAIN‚Ä¶ https://t.co/kby5oEk3wV,2021-11-17 16:13:06+00:00
"@FantasyArenaNFT @FantasyArenaNFT AMAZING NFT GAME!

 #Metaverse #fantasyarena #Bitcoin¬† #NFTs #GameNFT #PlayToEarn  #BSC¬† #GameFi",2021-11-17 16:13:06+00:00
#SPARTA $SPARTA BUY SPARTA #Bitcoin #BNB #BSC #DeFi #BinanceSmartChain #binance #Ethereum #eth #USD $Btc #altcoin‚Ä¶ https://t.co/d6iYlkKPMP,2021-11-17 16:13:05+00:00
@Antnest_Network That's a really amazing project. I'm so excited and happy to be participating in this project. I h‚Ä¶ https://t.co/6AoVOWZKVY,2021-11-17 16:13:05+00:00
"Not many people use it, but it works

Clipper transit card refills for bitcoin, but only unregistered cards. Other‚Ä¶ https://t.co/rNmTBkv9CO",2021-11-17 16:13:04+00:00
"@1MarkMoss same bullshit talk of ""minor temporary inflation"" here in europe Mark....and the proof #bitcoin was the‚Ä¶ https://t.co/jQq3Z0WWnb",2021-11-17 16:13:04+00:00
"#Dolar = 10.68 TL
#Bitcoin = 635.250 TL https://t.co/j2yUJAGThM",2021-11-17 16:13:04+00:00
https://t.co/3HSIMFIpRK: PulseChain HEX - How HEX can Change the World for Good! #HEX #PULSE #PULSECHAIN‚Ä¶ https://t.co/8l5V0yfLCm,2021-11-17 16:13:04+00:00
Portal partners with Polygon to advance DeFi on Bitcoin https://t.co/uCsQwjVNMB,2021-11-17 16:13:03+00:00
100% Safe Method Legit Free Bitcoin Mining Without Investment | Undetected https://t.co/ne1w2sPlu9 via @YouTube thats good,2021-11-17 16:13:03+00:00
"@voguexcarter am doctor Benson,am running a house ophange in the United States of America, please we are running ou‚Ä¶ https://t.co/B2GEg38wEe",2021-11-17 16:13:02+00:00
Rusya‚Äônƒ±n Dijital Rublesi Adƒ±m Adƒ±m ƒ∞lerliyor!   https://t.co/jIiISKc6lJ #bitcoin #kriptopara  #blockchain,2021-11-17 16:13:02+00:00
Miami citizens to earn Bitcoin despite the city not holding¬†crypto https://t.co/mRre0O0gma,2021-11-17 16:13:02+00:00
"@cbw_nft @lover5937
@Boss_Win_Crypto
@cryptoking850
I am happy that you are able to participate in this powerful pr‚Ä¶ https://t.co/q2NgcuVWAv",2021-11-17 16:13:00+00:00
"TL neden dƒ±≈üladƒ±nƒ±z ki üòî

#tl #dolar #euro #para #ekonomi #finans #coinhaberi #kripto #kriptopara #kriptohaber‚Ä¶ https://t.co/VxA5s45mJb",2021-11-17 16:13:00+00:00
@DafriBank #DafriBank #DafriBankDigital #OpenBanking #DigitalBanks #DigitalPayment #OnlinePayment #PaymentSolutions‚Ä¶ https://t.co/5vcgQzXAqV,2021-11-17 16:13:00+00:00
@YTBaranOzcan Dolara ev araba ne atsak kriptidan fazlq kazanƒ±rdƒ±k en b√ºy√ºk aptalƒ±k kripto olmak ≈üuan dolar yukselse‚Ä¶ https://t.co/X0Jle9tsTB,2021-11-17 16:13:00+00:00
"@ArmyStrang Olympus ""Bitcoin"" Mons",2021-11-17 16:12:59+00:00
@theemikehobart @FreedomIsntSafe @WClementeIII If you continue to DCA then over time the super super majority of yo‚Ä¶ https://t.co/53LQgeZZCp,2021-11-17 16:12:59+00:00
"@IiUict @mjtru_ Actually, traders generally get rekt. It's best to simply buy and hold #Bitcoin",2021-11-17 16:12:58+00:00
@bitcoin_brown https://t.co/yYeGZL47rA,2021-11-17 16:12:56+00:00
Folks Elon musk is not buying Tesla stock sky high Elon musk is selling his shares of stock nonstop sky high 100%‚Ä¶ https://t.co/e4lUg2gEjg,2021-11-17 16:12:56+00:00
The most support confluence for #bitcoin is in between $51k and $55k. The daily chart has been a solid way to pinpo‚Ä¶ https://t.co/wfX0mKNL24,2021-11-17 16:12:55+00:00
"@FantasyArenaNFT @FantasyArenaNFT AMAZING NFT GAME!

 #Metaverse #fantasyarena #Bitcoin¬† #NFTs #GameNFT #PlayToEarn  #BSC¬† #GameFi",2021-11-17 16:12:55+00:00
"@HoopsTalk13 They are different but we don't know if Bitcoin wins out, or Doge, or HoopsTalkCoin (trademarked, don't steal it!)",2021-11-17 16:12:55+00:00
"#USDTRY
""Merkez Bankasƒ±""
10 sene √∂nce 5 milyar dolarlƒ±k bitcoin alsaydƒ±
≈üimdi ne dert ne tasa kalƒ±rdƒ± aq",2021-11-17 16:12:54+00:00
"@Quesly2 Technically he did get hacked, but only after getting tricked into giving up money and access to his IG. I‚Ä¶ https://t.co/VhhDGOtCFT",2021-11-17 16:12:52+00:00
"#BITCOIN¬† 

She is safe for the time being https://t.co/nIVum7lJLg",2021-11-17 16:12:51+00:00
@naiiveclub https://t.co/CQ4v1hO8qR,2021-11-17 16:12:49+00:00
"@Blockworks_ @mrjasonchoi #Bitcoin¬† currently retesting,If we can continue to hold above this level (~$59.4k ) then‚Ä¶ https://t.co/3ON5AqqHj8",2021-11-17 16:12:49+00:00
Bitcoin intensifica luta pelos US$ 60 mil em meio a uma s√©rie de not√≠cias negativas - https://t.co/gns5VuWG1u,2021-11-17 16:12:48+00:00
@AdamSinger @TheStalwart #Bitcoin is dipping deeper into the old resistance area in an effort to flip it into a new‚Ä¶ https://t.co/fS4WcKbO0y,2021-11-17 16:12:47+00:00
@Bitcoin I am Satochi Nakamoto!!!,2021-11-17 16:12:47+00:00
"Since the May bottom, we saw ~7 significant dips into the overbought zone on the RSI, 4H

A lot of them were follow‚Ä¶ https://t.co/qxlPO8TKoS",2021-11-17 16:12:46+00:00
"@boyu_devrilsin 2018 de ihra√ß olduk abi , 3 yƒ±ldƒ±r hi√ßbir yerde √ßalƒ±≈ümadƒ±m bitcoin ve altcoin al sat yaparak ge√ßiniyorum üòÇ",2021-11-17 16:12:45+00:00
"Con mi pana @franklinroldan de @cripto_t (CriptoTendencias), en @labitconf.

Aprendiendo y compartiendo con este co‚Ä¶ https://t.co/edUwD90Lw6",2021-11-17 16:12:43+00:00
"Lower , sub-1k around $700-770 . 
#Bitcoin¬† #Bitxoin #Bitcoim
$BTC https://t.co/vJi0m6pHQ6",2021-11-17 16:12:42+00:00
"‚ÄúH√ºk√ºmet, Bitcoin‚Äôe Kar≈üƒ± Proaktif Adƒ±m Atacaktƒ±r‚Äù https://t.co/frbp56RSMN",2021-11-17 16:12:42+00:00
"Today I'm doing something I haven't done in a long time: taking profits.

- @trevorjonesart Bitcoin Angels | 180% R‚Ä¶ https://t.co/Xrelozl34D",2021-11-17 16:12:42+00:00
"@anndylian Wow! #BabyDoge Amazing community is growing very fast - 963K Holders
BabyDoge Together We're strong‚Ä¶ https://t.co/fENT7PS4pG",2021-11-17 16:12:41+00:00
#DafriBank #DafriBankDigital #OpenBanking #DigitalBanks #DigitalPayment #OnlinePayment #PaymentSolutions‚Ä¶ https://t.co/uNlrLhXRRL,2021-11-17 16:12:40+00:00
@bewstor @Babygravy9 Superiority complex,2021-11-17 16:12:39+00:00
Golpe al Bitcoin: aplicar√°n el impuesto al cheque a la compraventa de criptomonedas | Por Fernando Mea√±os https://t.co/Td4Zu1scmn,2021-11-17 16:12:38+00:00
@C_E_Fer @todonoticias No usamos bitcoin para ganar sin trabajar. Usamos bitcoin para trabajar y no perder. Peque√±a‚Ä¶ https://t.co/xDenp5IDYt,2021-11-17 16:12:38+00:00
Desde la @labitconf con @criptoluis de @CriptoNoticias. Venezolanos haciendo presencia en la meca del #Bitcoin https://t.co/ZnkNCjOoNd,2021-11-17 16:12:38+00:00
@Shelia_crypto @Shelia_crypto I requested you to give my savings back #bitcoin @Shelia_crypto btc transfer to your account. Plz send me back,2021-11-17 16:12:38+00:00
I‚Äôm done listening to all the FUD on $GYEN what‚Äôs the real price target on thisü§î #crypto #cryptocurrency‚Ä¶ https://t.co/WIULE0QoUQ,2021-11-17 16:12:37+00:00
This is combined books setup. I like 55-54k support and 72k-74k resistance #Bitcoin https://t.co/3UROfKRnXX,2021-11-17 16:12:36+00:00
DoubleB found #bitcoin in a User vault at this location! Join me playing #coinhuntworld @CoinHuntWorld‚Ä¶ https://t.co/dkCwDbOGbP,2021-11-17 16:12:35+00:00
This sums up the Bitcoin Maxi mindset quite well https://t.co/sfNpPjIzd0,2021-11-17 16:12:33+00:00
"Eyes of the City: Visions of Architecture After #ArtificialIntelligence
2021-11-17T09:30:00Z

@GlenGilmore‚Ä¶ https://t.co/ijZOq4bCNd",2021-11-17 16:12:31+00:00
"FLOKI | SPOTS

#FLOKI #FlokiInu #FlokiIndia #Crypto #cryptocurrecy #CryptocurrencyNews #Bitcoin #NFTCommunity‚Ä¶ https://t.co/fIE4DFvewZ",2021-11-17 16:12:31+00:00
https://t.co/wOX0NmQAXa #dragonball #dragonballz #dragonballsuper #vegeta #goku #supersaiyan #manga #anime‚Ä¶ https://t.co/6l5oVvMjNh,2021-11-17 16:12:31+00:00
#bsc #pitchfinance #Bitcoin https://t.co/KuAMYM3Eak,2021-11-17 16:12:29+00:00
@davido This one don pass bitcoin.  üöÄ,2021-11-17 16:12:27+00:00
@jack Hows the #Bitcoin hardware wallet coming?,2021-11-17 16:12:24+00:00
#WELB #WellBeCoin #Bitcoin #BSC #Crypto https://t.co/uur3C2CNEQ,2021-11-17 16:12:23+00:00
@TheMoonCarl Not gonna happen. Bitcoin is moving sideways all 2021...,2021-11-17 16:12:21+00:00
News Bitcoin | Fast Crypto News | Russia to Legalize Crypto Mining | Lee... https://t.co/81zRiQ2s59 via @YouTube,2021-11-17 16:12:20+00:00
"@Crypto_JulieG #Bitcoin¬† currently retesting,If we can continue to hold above this level (~$59.4k ) then we're stil‚Ä¶ https://t.co/rxdIZCg02E",2021-11-17 16:12:19+00:00
@TheMoonCarl #Bitcoin is dipping deeper into the old resistance area in an effort to flip it into a new support are‚Ä¶ https://t.co/mDU4i7ZTZp,2021-11-17 16:12:19+00:00
@CryptoGooseEsq @cryptorecruitr Do you think that everybody that bought #Bitcoin before it was trendy is planning o‚Ä¶ https://t.co/W6zRy8Irom,2021-11-17 16:12:18+00:00
".@KingJames needs to hodl at least 2,500 Bitcoin to still be considered a King now that he is playing at‚Ä¶ https://t.co/UhkyO8btFf",2021-11-17 16:12:18+00:00
New post (Portal partners with Polygon to advance DeFi on Bitcoin) has been published on CRYPTO INFO SITE -‚Ä¶ https://t.co/aOsIEJINLu,2021-11-17 16:12:17+00:00
He just wants access to Cregs email so he can send him self happy birthday wishes. #Bitcoin #BitcoinSV https://t.co/ggrQR3vcve,2021-11-17 16:12:15+00:00
""" Bitcoin is a technological tour de force.
‚Äì Bill Gates "" 
- 

#Bitcoin #Crypto #ETC #blockchain https://t.co/p82ZX8EdHO",2021-11-17 16:12:14+00:00
$cel #Bitcoin #CelsiusNetwork https://t.co/gQqOFqsvRD,2021-11-17 16:12:13+00:00
@bardhyllis @gemsandjpegs @zachxbt @gmwagmieth Don't buy then. #hfsp. That's like saying why buy Bitcoin to pump Satoshi's bags.,2021-11-17 16:12:12+00:00
"@AirdropStario I have participated in following the guidelines and rules of this airdrop, I hope that many people w‚Ä¶ https://t.co/dSSN9EKB3x",2021-11-17 16:12:12+00:00
"Blox Punk #14 - 0.005 ETH on Polygon

https://t.co/8nTLvzZPD1

#nft #nftart #nftartist #nftcommunity #nftgiveaway‚Ä¶ https://t.co/R7Ond6Vuvl",2021-11-17 16:12:12+00:00
"@elleinthesun It‚Äôs all fun and games until the crypto tweeters realize the power of putting Canelo in tweets.

‚Äúbit‚Ä¶ https://t.co/YWhoa0Bhgl",2021-11-17 16:12:11+00:00
"@FantasyArenaNFT @FantasyArenaNFT AMAZING NFT GAME!

 #Metaverse #fantasyarena #Bitcoin #NFTs #GameNFT #PlayToEarn  #BSC #GameFi",2021-11-17 16:12:10+00:00
"we will fall to 18k confirming a double top . We will be reminded that the top is in for the next 4-5 years, and al‚Ä¶ https://t.co/7e2PLTJREA",2021-11-17 16:12:09+00:00
"@Scoutdwriter he often adds me for bitcoin or tells me about grants, or I won the facebook latter, loosing weapons,‚Ä¶ https://t.co/d7y41Sxxx7",2021-11-17 16:12:09+00:00
#linkedin #twitter #facebook #birthdaygift #instagram #bitcoin #socialmedia #pinterest #dogecoin #deal #gift #gifts‚Ä¶ https://t.co/7XDaejF5re,2021-11-17 16:12:07+00:00
#linkedin #twitter #facebook #birthdaygift #instagram #doge #socialmedia #pinterest #dogecoin #deal #gift #gifts‚Ä¶ https://t.co/9XssNpWzHs,2021-11-17 16:12:07+00:00
#affiliatelink #tumblr #twitter #facebook #instagram #webtalk #socialmedia #pinterest #reddit #deal #gift #gifts‚Ä¶ https://t.co/NticnLXUSZ,2021-11-17 16:12:07+00:00
